Nome do Hotel,URL
zênit hostel da cris,https://www.booking.com/hostels/city/br/cabo-frio.html
zênit hostel da cris,https://www.booking.com/hotel/br/hostel-cabo-frio.html
zênit hostel da cris,https://www.almosafer.com/en
zênit hostel da cris,https://www.booking.com/city/br/cabo-frio.html
zênit hostel da cris,https://www.booking.com/reviews/br/hotel/hostel-cabo-frio.html
pousada boulevard,https://www.booking.com/reviews/br/hotel/pousada-boulevard.html
pousada boulevard,https://www.booking.com/reviews/br/hotel/pousada-boulevard.html
pousada boulevard,https://www.booking.com/hotel/br/pousada-cabo-frio-cabo-frio3.en-gb.html?aid=2191544&checkin_monthday=12&checkin_year_month=2024-01&checkout_monthday=13&checkout_year_month=2024-01&no_rooms=1&group_adults=2&group_children=0&label=
pousada vila appia,https://bh.almosafer.com/en/hotel/details/atg/pousada-vila-appia-1285835
hihome mandai flat,https://bh.almosafer.com/en/hotel/details/atg/flat-winn-mandai-2451729
hihome mandai flat,https://bh.almosafer.com/en/hotel/details/atg/flat-winn-mandai-2451729
casa azul linda casa familiar com piscina no peró em cabo frio,https://om.almosafer.com/en/hotel/details/atg/casa-em-cabo-frio-1718487
casa azul linda casa familiar com piscina no peró em cabo frio,https://www.booking.com/hotel/br/apartamento-praia-do-forte-cabo-frio12345678910111213141516171819202122232425230.ca.html
casa azul linda casa familiar com piscina no peró em cabo frio,https://om.almosafer.com/en/hotel/details/atg/casa-em-cabo-frio-1718487
casa azul linda casa familiar com piscina no peró em cabo frio,https://www.booking.com/hotel/br/apartamento-praia-do-forte-cabo-frio12345678910111213141516171819202122232425230.ca.html
casa azul linda casa familiar com piscina no peró em cabo frio,https://www.booking.com/hotel/br/apartamento-praia-do-forte-cabo-frio12345678910111213141516171819202122232425230.hu.html
villa saint tropez,https://www.booking.com/reviews/br/hotel/villa-saint-tropez.xu.html
villa saint tropez,https://www.booking.com/hotel/fr/villa-saint-tropez-saint-tropez1.html
villa saint tropez,https://www.booking.com/villas/city/fr/saint-tropez.html
villa saint tropez,https://www.booking.com/villas/city/br/pero.html
pousada paraíso das conchas na praia do peró cabo frio rj,https://www.booking.com/hotel/br/pousada-porto-das-conchas-cabo-frio.en-gb.html
pousada paraíso das conchas na praia do peró cabo frio rj,https://www.booking.com/hotel/br/pousada-porto-das-conchas-cabo-frio.en-gb.html
pousada paraíso das conchas na praia do peró cabo frio rj,https://www.booking.com/hotel/br/pousada-porto-das-conchas-cabo-frio.en-gb.html
pousada paraíso das conchas na praia do peró cabo frio rj,https://www.booking.com/hotel/br/pousada-porto-das-conchas-cabo-frio.pt-br.html
pousada paraíso das conchas na praia do peró cabo frio rj,https://www.booking.com/inns/city/br/cabo-frio.html
pousada paraíso das conchas na praia do peró cabo frio rj,https://www.booking.com/hotel/br/pousada-porto-das-conchas-cabo-frio.ca.html
pousada paraíso das conchas na praia do peró cabo frio rj,https://www.booking.com/hotel/br/chale-das-conchas-cabo-frio.es-ar.html
pousada mariá,https://www.booking.com/hotel/br/pousada-cabo-frio-cabo-frio3.en-gb.html?aid=2191544&checkin_monthday=12&checkin_year_month=2024-01&checkout_monthday=13&checkout_year_month=2024-01&no_rooms=1&group_adults=2&group_children=0&label=
pousada mariá,https://www.booking.com/hotel/br/pousada-verde-mar-cabo-frio1.en-gb.html
pousada mariá,https://kw.almosafer.com/en/hotel/details/atg/mdj-pousada-2549901
pousada mariá,https://www.booking.com/hotel/br/pousada-verde-mar-cabo-frio1.en-gb.html
pousada mariá,https://kw.almosafer.com/en/hotel/details/atg/mdj-pousada-2549901
hotel la brise,https://bh.almosafer.com/en/hotel/details/atg/hotel-la-brise-1212107
passagem concept hotel e spa,https://om.almosafer.com/en/hotel/details/atg/passagem-concept-hotel-e-spa-1071211
